episode,reward,moving_avg_reward,epsilon,loss,deliveries,steps
0,3.9400,3.9400,0.0500,0.000000,0,200
1,5.9600,5.9600,0.0500,0.000000,0,200
2,5.8800,5.8800,0.0500,0.000000,0,200
3,5.9200,5.9200,0.0500,0.000000,0,200
4,3.8400,3.8400,0.0500,0.000001,0,200
