episode,reward,moving_avg_reward,epsilon,loss,deliveries,steps
0,11.9400,11.9400,0.0500,0.000031,0,250
1,11.3600,11.3600,0.0500,0.000448,0,250
2,11.4200,11.4200,0.0500,0.000283,0,250
3,10.1400,10.1400,0.0500,0.000871,0,250
4,10.8700,10.8700,0.0500,0.000715,0,250
5,11.2700,11.2700,0.0500,0.000076,0,250
6,11.4100,11.4100,0.0500,0.000510,0,250
7,11.4300,11.4300,0.0500,0.001207,0,250
8,11.7200,11.7200,0.0500,0.001231,0,250
9,11.5300,11.5300,0.0500,0.001905,0,250
