episode,reward,moving_avg_reward,epsilon,loss,deliveries,steps
0,3.4200,3.4200,0.0500,0.000001,0,150
1,3.4333,3.4333,0.0500,0.000365,0,150
2,5.4033,5.4033,0.0500,0.000503,0,150
3,2.9133,2.9133,0.0500,0.000085,0,150
4,2.7933,2.7933,0.0500,0.000492,0,150
